Agrihan,Agrihan
Aguijan,Aguijan
Alamagan,Alamagan
Asuncion,Asuncion
Baker,Baker
Farallon_de_Pajaros,Farallon de Pajaros
French_Frigate,French Frigate Shoals
Guam_EastOpen,Guam; East open
Guam_Marine_Protected_Areas,Guam; Marine Protected Areas
Guam_WestOpen,Guam; West open
Guguan,Guguan
Hawaii_Hamakua,Hawaii; Hamakua
Hawaii_Kona,Hawaii; Kona
Hawaii_Puna,Hawaii; Puna
Hawaii_Southeast,Hawaii; Southeast
Howland,Howland
Jarvis,Jarvis
Johnston,Johnston Atoll
Kahoolawe_North,Kahoolawe; North
Kahoolawe_South,Kahoolawe; South
Kauai_East,Kauai; East
Kauai_Napali,Kauai; Napali
Kingman,Kingman Reef
Kure,Kure Atoll
Lanai_North,Lanai; North
Lanai_South,Lanai; South
Lisianski,Lisianski
Maug,Maug
Maui_Hana,Maui; Hana
Maui_Kahului,Maui; Kahului
Maui_Kihei,Maui; Kihei
Maui_Lahaina,Maui; Lahaina
Maui_Molokini,Maui; Molokini
Maui_Northeast,Maui; Northeast
Maui_Northwest,Maui; Northwest
Maui_Southeast,Maui; Southeast
Molokai_Northwest,Molokai; Northwest
Molokai_Pali,Molokai; Pali
Molokai_South,Molokai; South
Molokai_West,Molokai; West
Niihau_East,Niihau and Lehua; East
Niihau_Lehua,Lehua
Niihau_West,Niihau and Lehua; West
Oahu_East,Oahu; East
Oahu_Kaena,Oahu; Kaena
Oahu_North,Oahu; North
Oahu_Northeast,Oahu; Northeast
Oahu_South,Oahu; South
Ofu_&_Olosega,Ofu and Olosega
Pagan,Pagan
Palmyra,Palmyra Atoll
Pearl & Hermes,Pearl and Hermes Atolls
Rose_All,Rose Atoll
Rota,Rota
Saipan,Saipan
Sarigan,Sarigan
Swains_All,Swains
Tau_All,Tau
Tinian,Tinian
Tutuila_Aunuu_MPAs,Tutuila; Aunuu
Tutuila_Fagalua_&_Fagatele,Tutuila; Fagalua and Fagatele
Tutuila_NortheastOpen,Tutuila; Northeast open
Tutuila_NorthwestOpen,Tutuila; Northwest open
Tutuila_PagoPago,Tutuila; PagoPago
Tutuila_SoutheastOpen,Tutuila; Southeast open
Tutuila_SouthwestOpen,Tutuila; Southwest open
Wake,Wake
