TAXON_NAME,SPCODE,REGION,OBS_YEAR,TAXAGROUP
Acanthastrea sp.,ACAS,MARIAN,2014,GENUS
Acropora sp.,ACSP,MARIAN,2014,GENUS
Alveopora sp.,ALSP,MARIAN,2014,GENUS
Astreopora sp.,ASSP,MARIAN,2014,GENUS
Barabattoia sp.,BARS,MARIAN,2014,GENUS
Coscinaraea sp.,COSP,MARIAN,2014,GENUS
Ctenactis sp.,CTSP,MARIAN,2014,GENUS
Cyphastrea sp.,CYPS,MARIAN,2014,GENUS
Cycloseris sp.,CYSP,MARIAN,2014,GENUS
Diaseris sp.,DIAS,MARIAN,2014,GENUS
Diploastrea sp.,DISP,MARIAN,2014,GENUS
Echinophyllia sp.,ECHL,MARIAN,2014,GENUS
Echinopora sp.,ECHP,MARIAN,2014,GENUS
Euphyllia sp.,EUSP,MARIAN,2014,GENUS
Favia sp.,FASP,MARIAN,2014,GENUS
Favites sp.,FAVS,MARIAN,2014,GENUS
Fungia sp.,FUSP,MARIAN,2014,GENUS
Gardineroseris sp.,GARS,MARIAN,2014,GENUS
Galaxea sp.,GASP,MARIAN,2014,GENUS
Goniastrea sp.,GONS,MARIAN,2014,GENUS
Goniopora sp.,GOSP,MARIAN,2014,GENUS
Halomitra sp.,HASP,MARIAN,2014,GENUS
Herpolitha sp.,HERS,MARIAN,2014,GENUS
Heliopora sp.,HESP,MARIAN,2014,GENUS
Hydnophora sp.,HYSP,MARIAN,2014,GENUS
Isopora sp.,ISSP,MARIAN,2014,GENUS
Leptastrea sp.,LEPT,MARIAN,2014,GENUS
Leptoseris sp.,LESP,MARIAN,2014,GENUS
Lobophyllia sp.,LOBS,MARIAN,2014,GENUS
Merulina sp.,MESP,MARIAN,2014,GENUS
Millepora sp.,MISP,MARIAN,2014,GENUS
Montastraea sp.,MONS,MARIAN,2014,GENUS
Montipora sp.,MOSP,MARIAN,2014,GENUS
Mycedium sp.,MYSP,MARIAN,2014,GENUS
Oulophyllia sp.,OUSP,MARIAN,2014,GENUS
Pachyseris sp.,PACS,MARIAN,2014,GENUS
Pavona sp.,PAVS,MARIAN,2014,GENUS
Pectinia sp.,PESP,MARIAN,2014,GENUS
Plerogyra sp.,PLER,MARIAN,2014,GENUS
Plesiastrea sp.,PLES,MARIAN,2014,GENUS
Platygyra sp.,PLSP,MARIAN,2014,GENUS
Pocillopora sp.,POCS,MARIAN,2014,GENUS
Podabacia sp.,PODS,MARIAN,2014,GENUS
Polyphyllia sp.,POLY,MARIAN,2014,GENUS
Porites sp.,POSP,MARIAN,2014,GENUS
Psammocora sp.,PSSP,MARIAN,2014,GENUS
Sandalolitha sp.,SASP,MARIAN,2014,GENUS
Scapophyllia sp.,SCAS,MARIAN,2014,GENUS
Scolymia sp.,SCSP,MARIAN,2014,GENUS
Seriatopora sp.,SESP,MARIAN,2014,GENUS
Stylocoeniella sp.,STSP,MARIAN,2014,GENUS
Stylaraea sp.,STYP,MARIAN,2014,GENUS
Stylophora sp.,STYS,MARIAN,2014,GENUS
Symphyllia sp.,SYSP,MARIAN,2014,GENUS
Turbinaria sp.,TURS,MARIAN,2014,GENUS
Diploastrea heliopora,DHEL,MARIAN,2014,SPECIES
Favia matthaii,FMAT,MARIAN,2014,SPECIES
Favia stelligera,FSTE,MARIAN,2014,SPECIES
Goniastrea edwardsi,GEDW,MARIAN,2014,SPECIES
Gardineroseris planulata,GPLA,MARIAN,2014,SPECIES
Heliopora coerulea,HCOE,MARIAN,2014,SPECIES
Hydnophora exesa,HEXE,MARIAN,2014,SPECIES
Hydnophora microconos,HMIC,MARIAN,2014,SPECIES
Leptoria phyrigia,LPHY,MARIAN,2014,SPECIES
Leptastrea pupurea,LPUR,MARIAN,2014,SPECIES
Leptastrea transversa,LTRA,MARIAN,2014,SPECIES
Montastraea curta,MCUR,MARIAN,2014,SPECIES
Porites cylindrica,PCYL,MARIAN,2014,SPECIES
Pocillopora eydouxi,PEYD,MARIAN,2014,SPECIES
Psammocora haimeana,PHAI,MARIAN,2014,SPECIES
Porites horizontalata,PHOR,MARIAN,2014,SPECIES
Platygyra daedalea,PLDA,MARIAN,2014,SPECIES
Porites lichen,PLIC,MARIAN,2014,SPECIES
Pavona maldivensis,PMAL,MARIAN,2014,SPECIES
Pocillopora meandrina,PMEA,MARIAN,2014,SPECIES
Porites monticulosa,PMON,MARIAN,2014,SPECIES
Psammocora nierstrazi,PNIE,MARIAN,2014,SPECIES
Platygyra pini,PPIN,MARIAN,2014,SPECIES
Porites rus,PRUS,MARIAN,2014,SPECIES
Psammocora stellata,PSTE,MARIAN,2014,SPECIES
Pavona varians,PVAR,MARIAN,2014,SPECIES
Scapophyllia cylindrica,SCYL,MARIAN,2014,SPECIES
Stylophora pistillata,SPIS,MARIAN,2014,SPECIES
Unknown Scleractinian,UNKN,MARIAN,2014,SPECIES
Acanthastrea sp.,ACAS,MARIAN,2017,GENUS
Acropora sp.,ACSP,MARIAN,2017,GENUS
Aleopora sp,ALSP,MARIAN,2017,GENUS
Astreopora sp.,ASSP,MARIAN,2017,GENUS
Astrea sp.,ASTS,MARIAN,2017,GENUS
Coscinaraea sp.,COSP,MARIAN,2017,GENUS
Ctenactis sp.,CTSP,MARIAN,2017,GENUS
Cyphastrea sp.,CYPS,MARIAN,2017,GENUS
Cycloseris sp.,CYSP,MARIAN,2017,GENUS
Echinophyllia sp,ECHL,MARIAN,2017,GENUS
Echinopora sp.,ECHP,MARIAN,2017,GENUS
Euphyllia sp.,EUSP,MARIAN,2017,GENUS
Favia sp.,FASP,MARIAN,2017,GENUS
Favites sp.,FAVS,MARIAN,2017,GENUS
Fungia sp.,FUSP,MARIAN,2017,GENUS
Gardineroseris sp,GARS,MARIAN,2017,GENUS
Galaxea sp.,GASP,MARIAN,2017,GENUS
Goniastrea sp.,GONS,MARIAN,2017,GENUS
Goniopora sp.,GOSP,MARIAN,2017,GENUS
Heliopora sp,HESP,MARIAN,2017,GENUS
Hydnophora sp.,HYSP,MARIAN,2017,GENUS
Isopora sp.,ISSP,MARIAN,2017,GENUS
Leptoria sp.,LEPS,MARIAN,2017,GENUS
Leptastrea sp.,LEPT,MARIAN,2017,GENUS
Leptoseris sp.,LESP,MARIAN,2017,GENUS
Lobophyllia sp.,LOBS,MARIAN,2017,GENUS
Merulina sp.,MESP,MARIAN,2017,GENUS
Millepora sp,MISP,MARIAN,2017,GENUS
Montastraea sp,MONS,MARIAN,2017,GENUS
Montipora sp.,MOSP,MARIAN,2017,GENUS
Oulophyllia sp.,OUSP,MARIAN,2017,GENUS
Palauastrea,PALS,MARIAN,2017,GENUS
Parascolymia sp,PARA,MARIAN,2017,GENUS
Pavona sp.,PAVS,MARIAN,2017,GENUS
Pectinia sp.,PESP,MARIAN,2017,GENUS
Phymastrea sp.,PHSP,MARIAN,2017,GENUS
Plerogyra sp.,PLER,MARIAN,2017,GENUS
Plesiastrea sp.,PLES,MARIAN,2017,GENUS
Platygyra sp.,PLSP,MARIAN,2017,GENUS
Pocillopora sp.,POCS,MARIAN,2017,GENUS
Porites sp.,POSP,MARIAN,2017,GENUS
Psammocora sp.,PSSP,MARIAN,2017,GENUS
Scapophyllia sp.,SCAS,MARIAN,2017,GENUS
Stylocoeniella sp.,STSP,MARIAN,2017,GENUS
Stylaraea sp.,STYP,MARIAN,2017,GENUS
Stylophora sp.,STYS,MARIAN,2017,GENUS
Turbinaria sp.,TURS,MARIAN,2017,GENUS
Tubastrea sp.,TUSP,MARIAN,2017,GENUS
Acropora abrotanoides,AABR,MARIAN,2017,SPECIES
Acropora aspera,AASP,MARIAN,2017,SPECIES
Astrea curta,ACUR,MARIAN,2017,SPECIES
Acropora digitifera,ADIG,MARIAN,2017,SPECIES
Acropora globiceps,AGLO,MARIAN,2017,SPECIES
Acropora humilis,AHUM,MARIAN,2017,SPECIES
Astreopora listeri,ALIS,MARIAN,2017,SPECIES
Acropora monticulosa,AMON,MARIAN,2017,SPECIES
Astreopora myriophthalma,AMYR,MARIAN,2017,SPECIES
Astreopora randalli,ARAN,MARIAN,2017,SPECIES
Acropora tenuis,ATEN,MARIAN,2017,SPECIES
Acropora verweyi,AVER,MARIAN,2017,SPECIES
Coscinaraea columna,CCOL,MARIAN,2017,SPECIES
Coscinaraea exesa,CEXE,MARIAN,2017,SPECIES
Echinopora lamellosa,ELAM,MARIAN,2017,SPECIES
Echinopora pacificus,EPAC,MARIAN,2017,SPECIES
Favites abdita,FABD,MARIAN,2017,SPECIES
Favia favus,FFAV,MARIAN,2017,SPECIES
Favia matthaii,FMAT,MARIAN,2017,SPECIES
Fungia scutaria,FSCU,MARIAN,2017,SPECIES
Favia stelligera,FSTE,MARIAN,2017,SPECIES
Galaxea astreata,GAAS,MARIAN,2017,SPECIES
Goniastrea edwardsi,GEDW,MARIAN,2017,SPECIES
Galaxea fascicularis,GFAS,MARIAN,2017,SPECIES
Goniopora fruticosa,GFRU,MARIAN,2017,SPECIES
Goniastrea pectinata,GPEC,MARIAN,2017,SPECIES
Gardineroseris planulata,GPLA,MARIAN,2017,SPECIES
Goniastrea retiformis,GRET,MARIAN,2017,SPECIES
Heliopora coerulea,HCOE,MARIAN,2017,SPECIES
Hydnophora microconos,HMIC,MARIAN,2017,SPECIES
Hydnophora rigida,HRIG,MARIAN,2017,SPECIES
Isopora palifera,IPAL,MARIAN,2017,SPECIES
Leptastrea bewickensis,LBEW,MARIAN,2017,SPECIES
Leptoseris incrustans,LINC,MARIAN,2017,SPECIES
Leptoseris mycetoseroides,LMYC,MARIAN,2017,SPECIES
Leptoria phrygia,LPHY,MARIAN,2017,SPECIES
Leptastrea pruinosa,LPRU,MARIAN,2017,SPECIES
Leptastrea purpurea,LPUR,MARIAN,2017,SPECIES
Leptastrea transversa,LTRA,MARIAN,2017,SPECIES
Merulina ampliata,MAMP,MARIAN,2017,SPECIES
Montipora caliculata,MCAL,MARIAN,2017,SPECIES
Montipora incrassata,MINC,MARIAN,2017,SPECIES
Merulina scabricula,MSCA,MARIAN,2017,SPECIES
Oulophyllia crispa,OCRI,MARIAN,2017,SPECIES
Pavona chiriquiensis,PCHI,MARIAN,2017,SPECIES
Psammocora contigua,PCON,MARIAN,2017,SPECIES
Porites cylindrica,PCYL,MARIAN,2017,SPECIES
Pocillopora damicornis,PDAM,MARIAN,2017,SPECIES
Pocillopora danae,PDAN,MARIAN,2017,SPECIES
Psammocora digitata,PDIG,MARIAN,2017,SPECIES
Pavona duerdeni,PDUE,MARIAN,2017,SPECIES
Pocillopora grandis,PGRA,MARIAN,2017,SPECIES
Psammocora haimeana,PHAI,MARIAN,2017,SPECIES
Porites horizontalata,PHOR,MARIAN,2017,SPECIES
Platygyra daedalea,PLDA,MARIAN,2017,SPECIES
Porites lichen,PLIC,MARIAN,2017,SPECIES
Pocillopora ligulata,PLIG,MARIAN,2017,SPECIES
Porites lobata,PLOB,MARIAN,2017,SPECIES
Porites lutea,PLUT,MARIAN,2017,SPECIES
Plesiastrea versipora,PLVE,MARIAN,2017,SPECIES
Pavona maldivensis,PMAL,MARIAN,2017,SPECIES
Pocillopora meandrina,PMEA,MARIAN,2017,SPECIES
Porites monticulosa,PMON,MARIAN,2017,SPECIES
Psammocora nierstraszi,PNIE,MARIAN,2017,SPECIES
Pectinia paeonia,PPAE,MARIAN,2017,SPECIES
Platygyra pini,PPIN,MARIAN,2017,SPECIES
Psammocora profundacella,PPRO,MARIAN,2017,SPECIES
Porites rus,PRUS,MARIAN,2017,SPECIES
Plerogyra sinuosa,PSIN,MARIAN,2017,SPECIES
Psammocora stellata,PSTE,MARIAN,2017,SPECIES
Phymastrea valenciennesi,PVAL,MARIAN,2017,SPECIES
Pavona varians,PVAR,MARIAN,2017,SPECIES
Porites vaughani,PVAU,MARIAN,2017,SPECIES
Pavona venosa,PVEN,MARIAN,2017,SPECIES
Pocillopora verrucosa,PVER,MARIAN,2017,SPECIES
Stylocoeniella armata,SARM,MARIAN,2017,SPECIES
Scapophyllia cylindrica,SCYL,MARIAN,2017,SPECIES
Stylocoeniella guentheri,SGUE,MARIAN,2017,SPECIES
Stylophora pistillata,SPIS,MARIAN,2017,SPECIES
Turbinaria reniformis,TREN,MARIAN,2017,SPECIES
Turbinaria stellulata,TSTE,MARIAN,2017,SPECIES
Unknown Scleractinian,UNKN,MARIAN,2017,SPECIES
Acropora sp.,ACSP,MHI,2013,GENUS
Cyphastrea sp.,CYPS,MHI,2013,GENUS
Cycloseris sp.,CYSP,MHI,2013,GENUS
Diaseria sp.,DISP,MHI,2013,GENUS
Fungia sp.,FUSP,MHI,2013,GENUS
Gardineroseris sp.,GARS,MHI,2013,GENUS
Leptastrea sp.,LEPT,MHI,2013,GENUS
Leptoseris sp.,LESP,MHI,2013,GENUS
Millepora sp.,MISP,MHI,2013,GENUS
Montipora sp.,MOSP,MHI,2013,GENUS
Pavona sp.,PAVS,MHI,2013,GENUS
Pocillopora sp.,POCS,MHI,2013,GENUS
Porites sp.,POSP,MHI,2013,GENUS
Psammocora sp.,PSSP,MHI,2013,GENUS
Acropora cytherea,ACYT,MHI,2013,SPECIES
Acropora humulis,AHUM,MHI,2013,SPECIES
Acropora nasuta,ANAS,MHI,2013,SPECIES
Acropora paniculata,APAN,MHI,2013,SPECIES
Acropora valida,AVAL,MHI,2013,SPECIES
Cyphastrea ocellina,COCE,MHI,2013,SPECIES
Fungia granulosa,FGRA,MHI,2013,SPECIES
Fungia scutaria,FSCU,MHI,2013,SPECIES
Gardineroseris planulata,GPLA,MHI,2013,SPECIES
Leptastrea bewickensis,LBEW,MHI,2013,SPECIES
Leptoseris incrustans,LINC,MHI,2013,SPECIES
Leptastrea pruinosa,LPRU,MHI,2013,SPECIES
Leptastrea purpurea,LPUR,MHI,2013,SPECIES
Leptastrea transversa,LTRA,MHI,2013,SPECIES
Montipora capitata,MCAP,MHI,2013,SPECIES
Montipora dilatata,MDIL,MHI,2013,SPECIES
Montipora flabellata,MFLA,MHI,2013,SPECIES
Montipora incrassata,MINC,MHI,2013,SPECIES
Montipora patula,MPAT,MHI,2013,SPECIES
Montipora turgescens,MTUR,MHI,2013,SPECIES
Porites cf. annae,PANA,MHI,2013,SPECIES
Porites bernardi,PBER,MHI,2013,SPECIES
Porites brighami,PBRI,MHI,2013,SPECIES
Pocillopora capitata,PCAP,MHI,2013,SPECIES
Pavona chiriquiensis,PCHI,MHI,2013,SPECIES
Porites compressa,PCOM,MHI,2013,SPECIES
Pocillopora damicornis,PDAM,MHI,2013,SPECIES
Pavona duerdeni,PDUE,MHI,2013,SPECIES
Porites evermanni,PEVE,MHI,2013,SPECIES
Pocillopora eydouxi,PEYD,MHI,2013,SPECIES
Porites lichen,PLIC,MHI,2013,SPECIES
Pocillopora ligulata,PLIG,MHI,2013,SPECIES
Porites lobata,PLOB,MHI,2013,SPECIES
Pavona maldivensis,PMAL,MHI,2013,SPECIES
Pocillopora meandrina,PMEA,MHI,2013,SPECIES
Pocillopora molokensis,PMOL,MHI,2013,SPECIES
Porites monticulosa,PMON,MHI,2013,SPECIES
Psammocora nierstratzi,PNIE,MHI,2013,SPECIES
Porites duerdeni,PODU,MHI,2013,SPECIES
Porites rus,PRUS,MHI,2013,SPECIES
Porites solida,PSOL,MHI,2013,SPECIES
Psammocora stellata,PSTE,MHI,2013,SPECIES
Pavona varians,PVAR,MHI,2013,SPECIES
Unknown Scleractinian,UNKN,MHI,2013,SPECIES
Acropora sp.,ACSP,MHI,2016,GENUS
Cyphastrea sp.,CYPS,MHI,2016,GENUS
Cycloseris sp.,CYSP,MHI,2016,GENUS
Diaseria sp.,DISP,MHI,2016,GENUS
Fungia sp.,FUSP,MHI,2016,GENUS
Gardineroseris sp.,GARS,MHI,2016,GENUS
Leptastrea sp.,LEPT,MHI,2016,GENUS
Leptoseris sp.,LESP,MHI,2016,GENUS
Millepora sp.,MISP,MHI,2016,GENUS
Montipora sp.,MOSP,MHI,2016,GENUS
Pavona sp.,PAVS,MHI,2016,GENUS
Pocillopora sp.,POCS,MHI,2016,GENUS
Porites sp.,POSP,MHI,2016,GENUS
Psammocora sp.,PSSP,MHI,2016,GENUS
Tubastrea sp.,TUSP,MHI,2016,GENUS
Acropora cytherea,ACYT,MHI,2016,SPECIES
Acropora gemmifera,AGEM,MHI,2016,SPECIES
Acropora humulis,AHUM,MHI,2016,SPECIES
Acropora nasuta,ANAS,MHI,2016,SPECIES
Acropora paniculata,APAN,MHI,2016,SPECIES
Acropora valida,AVAL,MHI,2016,SPECIES
Cyphastrea ocellina,COCE,MHI,2016,SPECIES
Fungia granulosa,FGRA,MHI,2016,SPECIES
Fungia scutaria,FSCU,MHI,2016,SPECIES
Gardineroseris planulata,GPLA,MHI,2016,SPECIES
Leptastrea bewickensis,LBEW,MHI,2016,SPECIES
Leptoseris hawaiiensis,LHAW,MHI,2016,SPECIES
Leptoseris incrustans,LINC,MHI,2016,SPECIES
Leptoseris mycetoseroides,LMYC,MHI,2016,SPECIES
Leptastrea pruinosa,LPRU,MHI,2016,SPECIES
Leptastrea purpurea,LPUR,MHI,2016,SPECIES
Leptastrea transversa,LTRA,MHI,2016,SPECIES
Montipora capitata,MCAP,MHI,2016,SPECIES
Montipora dilatata,MDIL,MHI,2016,SPECIES
Montipora flabellata,MFLA,MHI,2016,SPECIES
Montipora incrassata,MINC,MHI,2016,SPECIES
Montipora patula,MPAT,MHI,2016,SPECIES
Montipora turgescens,MTUR,MHI,2016,SPECIES
Porites cf. annae,PANA,MHI,2016,SPECIES
Porites bernardi,PBER,MHI,2016,SPECIES
Porites brighami,PBRI,MHI,2016,SPECIES
Pocillopora capitata,PCAP,MHI,2016,SPECIES
Pavona chiriquiensis,PCHI,MHI,2016,SPECIES
Porites compressa,PCOM,MHI,2016,SPECIES
Pocillopora damicornis,PDAM,MHI,2016,SPECIES
Pavona duerdeni,PDUE,MHI,2016,SPECIES
Porites evermanni,PEVE,MHI,2016,SPECIES
Pocillopora eydouxi,PEYD,MHI,2016,SPECIES
Psammorcora haimeana,PHAI,MHI,2016,SPECIES
Porites lichen,PLIC,MHI,2016,SPECIES
Pocillopora ligulata,PLIG,MHI,2016,SPECIES
Porites lobata,PLOB,MHI,2016,SPECIES
Pavona maldivensis,PMAL,MHI,2016,SPECIES
Pocillopora meandrina,PMEA,MHI,2016,SPECIES
Pocillopora molokensis,PMOL,MHI,2016,SPECIES
Porites monticulosa,PMON,MHI,2016,SPECIES
Psammocora nierstratzi,PNIE,MHI,2016,SPECIES
Porites duerdeni,PODU,MHI,2016,SPECIES
Porites rus,PRUS,MHI,2016,SPECIES
Porites solida,PSOL,MHI,2016,SPECIES
Psammocora stellata,PSTE,MHI,2016,SPECIES
Pavona varians,PVAR,MHI,2016,SPECIES
Unknown Scleractinian,UNKN,MHI,2016,SPECIES
Acropora sp.,ACSP,NWHI,2014,GENUS
Cyphastrea sp.,CYPS,NWHI,2014,GENUS
Cycloseris sp.,CYSP,NWHI,2014,GENUS
Diaseria sp.,DISP,NWHI,2014,GENUS
Fungia sp.,FUSP,NWHI,2014,GENUS
Gardineroseris sp.,GARS,NWHI,2014,GENUS
Leptastrea sp.,LEPT,NWHI,2014,GENUS
Leptoseris sp.,LESP,NWHI,2014,GENUS
Millepora sp.,MISP,NWHI,2014,GENUS
Montipora sp.,MOSP,NWHI,2014,GENUS
Pavona sp.,PAVS,NWHI,2014,GENUS
Pocillopora sp.,POCS,NWHI,2014,GENUS
Porites sp.,POSP,NWHI,2014,GENUS
Psammocora sp.,PSSP,NWHI,2014,GENUS
Tubastrea sp.,TUSP,NWHI,2014,GENUS
Acropora cytherea,ACYT,NWHI,2014,SPECIES
Acropora gemmifera,AGEM,NWHI,2014,SPECIES
Acropora humulis,AHUM,NWHI,2014,SPECIES
Acropora nasuta,ANAS,NWHI,2014,SPECIES
Acropora paniculata,APAN,NWHI,2014,SPECIES
Acropora valida,AVAL,NWHI,2014,SPECIES
Cyphastrea ocellina,COCE,NWHI,2014,SPECIES
Fungia granulosa,FGRA,NWHI,2014,SPECIES
Fungia scutaria,FSCU,NWHI,2014,SPECIES
Gardineroseris planulata,GPLA,NWHI,2014,SPECIES
Leptastrea bewickensis,LBEW,NWHI,2014,SPECIES
Leptoseris hawaiiensis,LHAW,NWHI,2014,SPECIES
Leptoseris incrustans,LINC,NWHI,2014,SPECIES
Leptoseris mycetoseroides,LMYC,NWHI,2014,SPECIES
Leptastrea pruinosa,LPRU,NWHI,2014,SPECIES
Leptastrea purpurea,LPUR,NWHI,2014,SPECIES
Leptastrea transversa,LTRA,NWHI,2014,SPECIES
Montipora capitata,MCAP,NWHI,2014,SPECIES
Montipora dilatata,MDIL,NWHI,2014,SPECIES
Montipora flabellata,MFLA,NWHI,2014,SPECIES
Montipora incrassata,MINC,NWHI,2014,SPECIES
Montipora patula,MPAT,NWHI,2014,SPECIES
Montipora turgescens,MTUR,NWHI,2014,SPECIES
Porites cf. annae,PANA,NWHI,2014,SPECIES
Porites bernardi,PBER,NWHI,2014,SPECIES
Porites brighami,PBRI,NWHI,2014,SPECIES
Pocillopora capitata,PCAP,NWHI,2014,SPECIES
Pavona chiriquiensis,PCHI,NWHI,2014,SPECIES
Porites compressa,PCOM,NWHI,2014,SPECIES
Pocillopora damicornis,PDAM,NWHI,2014,SPECIES
Pavona duerdeni,PDUE,NWHI,2014,SPECIES
Porites evermanni,PEVE,NWHI,2014,SPECIES
Pocillopora eydouxi,PEYD,NWHI,2014,SPECIES
Psammorcora haimeana,PHAI,NWHI,2014,SPECIES
Porites lichen,PLIC,NWHI,2014,SPECIES
Pocillopora ligulata,PLIG,NWHI,2014,SPECIES
Porites lobata,PLOB,NWHI,2014,SPECIES
Pavona maldivensis,PMAL,NWHI,2014,SPECIES
Pocillopora meandrina,PMEA,NWHI,2014,SPECIES
Pocillopora molokensis,PMOL,NWHI,2014,SPECIES
Porites monticulosa,PMON,NWHI,2014,SPECIES
Psammocora nierstratzi,PNIE,NWHI,2014,SPECIES
Porites duerdeni,PODU,NWHI,2014,SPECIES
Porites rus,PRUS,NWHI,2014,SPECIES
Porites solida,PSOL,NWHI,2014,SPECIES
Psammocora stellata,PSTE,NWHI,2014,SPECIES
Pavona varians,PVAR,NWHI,2014,SPECIES
Unknown Scleractinian,UNKN,NWHI,2014,SPECIES
Acropora sp.,ACSP,NWHI,2015,GENUS
Cyphastrea sp.,CYPS,NWHI,2015,GENUS
Cycloseris sp.,CYSP,NWHI,2015,GENUS
Diaseria sp.,DISP,NWHI,2015,GENUS
Fungia sp.,FUSP,NWHI,2015,GENUS
Gardineroseris sp.,GARS,NWHI,2015,GENUS
Leptastrea sp.,LEPT,NWHI,2015,GENUS
Leptoseris sp.,LESP,NWHI,2015,GENUS
Millepora sp.,MISP,NWHI,2015,GENUS
Montipora sp.,MOSP,NWHI,2015,GENUS
Pavona sp.,PAVS,NWHI,2015,GENUS
Pocillopora sp.,POCS,NWHI,2015,GENUS
Porites sp.,POSP,NWHI,2015,GENUS
Psammocora sp.,PSSP,NWHI,2015,GENUS
Tubastrea sp.,TUSP,NWHI,2015,GENUS
Acropora cytherea,ACYT,NWHI,2015,SPECIES
Acropora gemmifera,AGEM,NWHI,2015,SPECIES
Acropora humulis,AHUM,NWHI,2015,SPECIES
Acropora nasuta,ANAS,NWHI,2015,SPECIES
Acropora paniculata,APAN,NWHI,2015,SPECIES
Acropora valida,AVAL,NWHI,2015,SPECIES
Cyphastrea ocellina,COCE,NWHI,2015,SPECIES
Fungia granulosa,FGRA,NWHI,2015,SPECIES
Fungia scutaria,FSCU,NWHI,2015,SPECIES
Gardineroseris planulata,GPLA,NWHI,2015,SPECIES
Leptastrea bewickensis,LBEW,NWHI,2015,SPECIES
Leptoseris hawaiiensis,LHAW,NWHI,2015,SPECIES
Leptoseris incrustans,LINC,NWHI,2015,SPECIES
Leptoseris mycetoseroides,LMYC,NWHI,2015,SPECIES
Leptastrea pruinosa,LPRU,NWHI,2015,SPECIES
Leptastrea purpurea,LPUR,NWHI,2015,SPECIES
Leptastrea transversa,LTRA,NWHI,2015,SPECIES
Montipora capitata,MCAP,NWHI,2015,SPECIES
Montipora dilatata,MDIL,NWHI,2015,SPECIES
Montipora flabellata,MFLA,NWHI,2015,SPECIES
Montipora incrassata,MINC,NWHI,2015,SPECIES
Montipora patula,MPAT,NWHI,2015,SPECIES
Montipora turgescens,MTUR,NWHI,2015,SPECIES
Porites cf. annae,PANA,NWHI,2015,SPECIES
Porites bernardi,PBER,NWHI,2015,SPECIES
Porites brighami,PBRI,NWHI,2015,SPECIES
Pocillopora capitata,PCAP,NWHI,2015,SPECIES
Pavona chiriquiensis,PCHI,NWHI,2015,SPECIES
Porites compressa,PCOM,NWHI,2015,SPECIES
Pocillopora damicornis,PDAM,NWHI,2015,SPECIES
Pavona duerdeni,PDUE,NWHI,2015,SPECIES
Porites evermanni,PEVE,NWHI,2015,SPECIES
Pocillopora eydouxi,PEYD,NWHI,2015,SPECIES
Psammorcora haimeana,PHAI,NWHI,2015,SPECIES
Porites lichen,PLIC,NWHI,2015,SPECIES
Pocillopora ligulata,PLIG,NWHI,2015,SPECIES
Porites lobata,PLOB,NWHI,2015,SPECIES
Pavona maldivensis,PMAL,NWHI,2015,SPECIES
Pocillopora meandrina,PMEA,NWHI,2015,SPECIES
Pocillopora molokensis,PMOL,NWHI,2015,SPECIES
Porites monticulosa,PMON,NWHI,2015,SPECIES
Psammocora nierstratzi,PNIE,NWHI,2015,SPECIES
Porites duerdeni,PODU,NWHI,2015,SPECIES
Porites rus,PRUS,NWHI,2015,SPECIES
Porites solida,PSOL,NWHI,2015,SPECIES
Psammocora stellata,PSTE,NWHI,2015,SPECIES
Pavona varians,PVAR,NWHI,2015,SPECIES
Unknown Scleractinian,UNKN,NWHI,2015,SPECIES
Acropora sp.,ACSP,NWHI,2016,GENUS
Cyphastrea sp.,CYPS,NWHI,2016,GENUS
Cycloseris sp.,CYSP,NWHI,2016,GENUS
Diaseria sp.,DISP,NWHI,2016,GENUS
Fungia sp.,FUSP,NWHI,2016,GENUS
Gardineroseris sp.,GARS,NWHI,2016,GENUS
Leptastrea sp.,LEPT,NWHI,2016,GENUS
Leptoseris sp.,LESP,NWHI,2016,GENUS
Millepora sp.,MISP,NWHI,2016,GENUS
Montipora sp.,MOSP,NWHI,2016,GENUS
Pavona sp.,PAVS,NWHI,2016,GENUS
Pocillopora sp.,POCS,NWHI,2016,GENUS
Porites sp.,POSP,NWHI,2016,GENUS
Psammocora sp.,PSSP,NWHI,2016,GENUS
Tubastrea sp.,TUSP,NWHI,2016,GENUS
Acropora cytherea,ACYT,NWHI,2016,SPECIES
Acropora gemmifera,AGEM,NWHI,2016,SPECIES
Acropora humulis,AHUM,NWHI,2016,SPECIES
Acropora nasuta,ANAS,NWHI,2016,SPECIES
Acropora paniculata,APAN,NWHI,2016,SPECIES
Acropora valida,AVAL,NWHI,2016,SPECIES
Cyphastrea ocellina,COCE,NWHI,2016,SPECIES
Fungia granulosa,FGRA,NWHI,2016,SPECIES
Fungia scutaria,FSCU,NWHI,2016,SPECIES
Gardineroseris planulata,GPLA,NWHI,2016,SPECIES
Leptastrea bewickensis,LBEW,NWHI,2016,SPECIES
Leptoseris hawaiiensis,LHAW,NWHI,2016,SPECIES
Leptoseris incrustans,LINC,NWHI,2016,SPECIES
Leptoseris mycetoseroides,LMYC,NWHI,2016,SPECIES
Leptastrea pruinosa,LPRU,NWHI,2016,SPECIES
Leptastrea purpurea,LPUR,NWHI,2016,SPECIES
Leptastrea transversa,LTRA,NWHI,2016,SPECIES
Montipora capitata,MCAP,NWHI,2016,SPECIES
Montipora dilatata,MDIL,NWHI,2016,SPECIES
Montipora flabellata,MFLA,NWHI,2016,SPECIES
Montipora incrassata,MINC,NWHI,2016,SPECIES
Montipora patula,MPAT,NWHI,2016,SPECIES
Montipora turgescens,MTUR,NWHI,2016,SPECIES
Porites cf. annae,PANA,NWHI,2016,SPECIES
Porites bernardi,PBER,NWHI,2016,SPECIES
Porites brighami,PBRI,NWHI,2016,SPECIES
Pocillopora capitata,PCAP,NWHI,2016,SPECIES
Pavona chiriquiensis,PCHI,NWHI,2016,SPECIES
Porites compressa,PCOM,NWHI,2016,SPECIES
Pocillopora damicornis,PDAM,NWHI,2016,SPECIES
Pavona duerdeni,PDUE,NWHI,2016,SPECIES
Porites evermanni,PEVE,NWHI,2016,SPECIES
Pocillopora eydouxi,PEYD,NWHI,2016,SPECIES
Psammorcora haimeana,PHAI,NWHI,2016,SPECIES
Porites lichen,PLIC,NWHI,2016,SPECIES
Pocillopora ligulata,PLIG,NWHI,2016,SPECIES
Porites lobata,PLOB,NWHI,2016,SPECIES
Pavona maldivensis,PMAL,NWHI,2016,SPECIES
Pocillopora meandrina,PMEA,NWHI,2016,SPECIES
Pocillopora molokensis,PMOL,NWHI,2016,SPECIES
Porites monticulosa,PMON,NWHI,2016,SPECIES
Psammocora nierstratzi,PNIE,NWHI,2016,SPECIES
Porites duerdeni,PODU,NWHI,2016,SPECIES
Porites rus,PRUS,NWHI,2016,SPECIES
Porites solida,PSOL,NWHI,2016,SPECIES
Psammocora stellata,PSTE,NWHI,2016,SPECIES
Pavona varians,PVAR,NWHI,2016,SPECIES
Unknown Scleractinian,UNKN,NWHI,2016,SPECIES
Acropora sp.,ACSP,NWHI,2011_2012,GENUS
Cyphastrea sp.,CYPS,NWHI,2011_2012,GENUS
Cycloseris sp.,CYSP,NWHI,2011_2012,GENUS
Diaseria sp.,DISP,NWHI,2011_2012,GENUS
Fungia sp.,FUSP,NWHI,2011_2012,GENUS
Gardineroseris sp.,GARS,NWHI,2011_2012,GENUS
Leptastrea sp.,LEPT,NWHI,2011_2012,GENUS
Leptoseris sp.,LESP,NWHI,2011_2012,GENUS
Montipora sp.,MOSP,NWHI,2011_2012,GENUS
Pavona sp.,PAVS,NWHI,2011_2012,GENUS
Pocillopora sp.,POCS,NWHI,2011_2012,GENUS
Porites sp.,POSP,NWHI,2011_2012,GENUS
Psammocora sp.,PSSP,NWHI,2011_2012,GENUS
Acropora cytherea,ACYT,NWHI,2011_2012,SPECIES
Acropora humulis,AHUM,NWHI,2011_2012,SPECIES
Acropora nasuta,ANAS,NWHI,2011_2012,SPECIES
Acropora paniculata,APAN,NWHI,2011_2012,SPECIES
Acropora valida,AVAL,NWHI,2011_2012,SPECIES
Cyphastrea ocellina,COCE,NWHI,2011_2012,SPECIES
Fungia granulosa,FGRA,NWHI,2011_2012,SPECIES
Fungia scutaria,FSCU,NWHI,2011_2012,SPECIES
Gardineroseris planulata,GPLA,NWHI,2011_2012,SPECIES
Leptastrea bewickensis,LBEW,NWHI,2011_2012,SPECIES
Leptoseris incrustans,LINC,NWHI,2011_2012,SPECIES
Leptastrea pruinosa,LPRU,NWHI,2011_2012,SPECIES
Leptastrea purpurea,LPUR,NWHI,2011_2012,SPECIES
Leptastrea transversa,LTRA,NWHI,2011_2012,SPECIES
Montipora capitata,MCAP,NWHI,2011_2012,SPECIES
Montipora dilatata,MDIL,NWHI,2011_2012,SPECIES
Montipora flabellata,MFLA,NWHI,2011_2012,SPECIES
Montipora incrassata,MINC,NWHI,2011_2012,SPECIES
Montipora patula,MPAT,NWHI,2011_2012,SPECIES
Montipora turgescens,MTUR,NWHI,2011_2012,SPECIES
Porites cf. annae,PANA,NWHI,2011_2012,SPECIES
Porites bernardi,PBER,NWHI,2011_2012,SPECIES
Porites brighami,PBRI,NWHI,2011_2012,SPECIES
Pocillopora capitata,PCAP,NWHI,2011_2012,SPECIES
Pavona chiriquiensis,PCHI,NWHI,2011_2012,SPECIES
Porites compressa,PCOM,NWHI,2011_2012,SPECIES
Pocillopora damicornis,PDAM,NWHI,2011_2012,SPECIES
Pavona duerdeni,PDUE,NWHI,2011_2012,SPECIES
Porites evermanni,PEVE,NWHI,2011_2012,SPECIES
Pocillopora eydouxi,PEYD,NWHI,2011_2012,SPECIES
Porites lichen,PLIC,NWHI,2011_2012,SPECIES
Pocillopora ligulata,PLIG,NWHI,2011_2012,SPECIES
Porites lobata,PLOB,NWHI,2011_2012,SPECIES
Pavona maldivensis,PMAL,NWHI,2011_2012,SPECIES
Pocillopora meandrina,PMEA,NWHI,2011_2012,SPECIES
Pocillopora molokensis,PMOL,NWHI,2011_2012,SPECIES
Porites monticulosa,PMON,NWHI,2011_2012,SPECIES
Psammocora nierstratzi,PNIE,NWHI,2011_2012,SPECIES
Porites duerdeni,PODU,NWHI,2011_2012,SPECIES
Porites rus,PRUS,NWHI,2011_2012,SPECIES
Pocillopora setchelli,PSET,NWHI,2011_2012,SPECIES
Porites solida,PSOL,NWHI,2011_2012,SPECIES
Psammocora stellata,PSTE,NWHI,2011_2012,SPECIES
Pavona varians,PVAR,NWHI,2011_2012,SPECIES
Acanthastrea sp.,ACAS,PRIAs,2014,GENUS
Acropora sp.,ACSP,PRIAs,2014,GENUS
Alveopora sp.,ALSP,PRIAs,2014,GENUS
Astreopora sp.,ASSP,PRIAs,2014,GENUS
Barabattoia sp.,BARS,PRIAs,2014,GENUS
Coscinaraea sp.,COSP,PRIAs,2014,GENUS
Ctenactis sp.,CTSP,PRIAs,2014,GENUS
Cyphastrea sp.,CYPS,PRIAs,2014,GENUS
Cycloseris sp.,CYSP,PRIAs,2014,GENUS
Diaseris sp.,DIAS,PRIAs,2014,GENUS
Diploastrea sp.,DISP,PRIAs,2014,GENUS
Echinophyllia sp.,ECHL,PRIAs,2014,GENUS
Echinopora sp.,ECHP,PRIAs,2014,GENUS
Euphyllia sp.,EUSP,PRIAs,2014,GENUS
Favia sp.,FASP,PRIAs,2014,GENUS
Favites sp.,FAVS,PRIAs,2014,GENUS
Fungia sp.,FUSP,PRIAs,2014,GENUS
Gardineroseris sp.,GARS,PRIAs,2014,GENUS
Galaxea sp.,GASP,PRIAs,2014,GENUS
Goniastrea sp.,GONS,PRIAs,2014,GENUS
Goniopora sp.,GOSP,PRIAs,2014,GENUS
Halomitra sp.,HASP,PRIAs,2014,GENUS
Herpolitha sp.,HERS,PRIAs,2014,GENUS
Heliopora sp.,HESP,PRIAs,2014,GENUS
Hydnophora sp.,HYSP,PRIAs,2014,GENUS
Isopora sp.,ISSP,PRIAs,2014,GENUS
Leptastrea sp.,LEPT,PRIAs,2014,GENUS
Leptoseris sp.,LESP,PRIAs,2014,GENUS
Lobophyllia sp.,LOBS,PRIAs,2014,GENUS
Merulina sp.,MESP,PRIAs,2014,GENUS
Millepora sp.,MISP,PRIAs,2014,GENUS
Montastraea sp.,MONS,PRIAs,2014,GENUS
Montipora sp.,MOSP,PRIAs,2014,GENUS
Mycedium sp.,MYSP,PRIAs,2014,GENUS
Oulophyllia sp.,OUSP,PRIAs,2014,GENUS
Pachyseris sp.,PACS,PRIAs,2014,GENUS
Pavona sp.,PAVS,PRIAs,2014,GENUS
Pectinia sp.,PESP,PRIAs,2014,GENUS
Plerogyra sp.,PLER,PRIAs,2014,GENUS
Plesiastrea sp.,PLES,PRIAs,2014,GENUS
Platygyra sp.,PLSP,PRIAs,2014,GENUS
Pocillopora sp.,POCS,PRIAs,2014,GENUS
Podabacia sp.,PODS,PRIAs,2014,GENUS
Polyphyllia sp.,POLY,PRIAs,2014,GENUS
Porites sp.,POSP,PRIAs,2014,GENUS
Psammocora sp.,PSSP,PRIAs,2014,GENUS
Sandalolitha sp.,SASP,PRIAs,2014,GENUS
Scapophyllia sp.,SCAS,PRIAs,2014,GENUS
Scolymia sp.,SCSP,PRIAs,2014,GENUS
Seriatopora sp.,SESP,PRIAs,2014,GENUS
Stylocoeniella sp.,STSP,PRIAs,2014,GENUS
Stylaraea sp.,STYP,PRIAs,2014,GENUS
Stylophora sp.,STYS,PRIAs,2014,GENUS
Symphyllia sp.,SYSP,PRIAs,2014,GENUS
Turbinaria sp.,TURS,PRIAs,2014,GENUS
Diploastrea heliopora,DHEL,PRIAs,2014,SPECIES
Favia matthaii,FMAT,PRIAs,2014,SPECIES
Favia stelligera,FSTE,PRIAs,2014,SPECIES
Goniastrea edwardsi,GEDW,PRIAs,2014,SPECIES
Gardineroseris planulata,GPLA,PRIAs,2014,SPECIES
Heliopora coerulea,HCOE,PRIAs,2014,SPECIES
Hydnophora exesa,HEXE,PRIAs,2014,SPECIES
Hydnophora microconos,HMIC,PRIAs,2014,SPECIES
Leptoria phyrigia,LPHY,PRIAs,2014,SPECIES
Leptastrea pupurea,LPUR,PRIAs,2014,SPECIES
Leptastrea transversa,LTRA,PRIAs,2014,SPECIES
Montastraea curta,MCUR,PRIAs,2014,SPECIES
Porites cylindrica,PCYL,PRIAs,2014,SPECIES
Pocillopora eydouxi,PEYD,PRIAs,2014,SPECIES
Psammocora haimeana,PHAI,PRIAs,2014,SPECIES
Porites horizontalata,PHOR,PRIAs,2014,SPECIES
Platygyra daedalea,PLDA,PRIAs,2014,SPECIES
Porites lichen,PLIC,PRIAs,2014,SPECIES
Pavona maldivensis,PMAL,PRIAs,2014,SPECIES
Pocillopora meandrina,PMEA,PRIAs,2014,SPECIES
Porites monticulosa,PMON,PRIAs,2014,SPECIES
Psammocora nierstrazi,PNIE,PRIAs,2014,SPECIES
Platygyra pini,PPIN,PRIAs,2014,SPECIES
Porites rus,PRUS,PRIAs,2014,SPECIES
Psammocora stellata,PSTE,PRIAs,2014,SPECIES
Pavona varians,PVAR,PRIAs,2014,SPECIES
Scapophyllia cylindrica,SCYL,PRIAs,2014,SPECIES
Stylophora pistillata,SPIS,PRIAs,2014,SPECIES
Unknown Scleractinian,UNKN,PRIAs,2014,SPECIES
Acanthastrea,ACAS,PRIAs,2015,GENUS
Acropora,ACSP,PRIAs,2015,GENUS
Alveopora,ALSP,PRIAs,2015,GENUS
Astreopora,ASSP,PRIAs,2015,GENUS
Caulastrea,CASP,PRIAs,2015,GENUS
Coeloseris,COES,PRIAs,2015,GENUS
Coscinaraea,COSP,PRIAs,2015,GENUS
Ctenactis,CTSP,PRIAs,2015,GENUS
Cycloseris,CYPS,PRIAs,2015,GENUS
Cyphastrea,CYSP,PRIAs,2015,GENUS
Diploastrea,DISP,PRIAs,2015,GENUS
Echinophyllia,ECHL,PRIAs,2015,GENUS
Echinopora,ECHP,PRIAs,2015,GENUS
Euphyllia,EUSP,PRIAs,2015,GENUS
Favia,FASP,PRIAs,2015,GENUS
Favites,FAVS,PRIAs,2015,GENUS
Fungia,FUSP,PRIAs,2015,GENUS
Gardineroseris,GARS,PRIAs,2015,GENUS
Galaxea,GASP,PRIAs,2015,GENUS
Goniastrea,GONS,PRIAs,2015,GENUS
Goniopora,GOSP,PRIAs,2015,GENUS
Halomitra,HASP,PRIAs,2015,GENUS
Herpolitha,HERS,PRIAs,2015,GENUS
Heliopora,HESP,PRIAs,2015,GENUS
Hydnophora,HYSP,PRIAs,2015,GENUS
Isopora ,ISSP,PRIAs,2015,GENUS
Leptoria,LEPS,PRIAs,2015,GENUS
Leptastrea,LEPT,PRIAs,2015,GENUS
Leptoseris,LESP,PRIAs,2015,GENUS
Lobophyllia,LOBS,PRIAs,2015,GENUS
Merulina,MESP,PRIAs,2015,GENUS
Millepora,MISP,PRIAs,2015,GENUS
Montastrea,MONS,PRIAs,2015,GENUS
Montipora,MOSP,PRIAs,2015,GENUS
Mycedium,MYSP,PRIAs,2015,GENUS
Oulophyllia,OUSP,PRIAs,2015,GENUS
Oxypora,OXSP,PRIAs,2015,GENUS
Pachyseris,PACS,PRIAs,2015,GENUS
Pavona,PAVS,PRIAs,2015,GENUS
Plesiastrea,PLES,PRIAs,2015,GENUS
Platygyra,PLSP,PRIAs,2015,GENUS
Pocillopora,POCS,PRIAs,2015,GENUS
Porites,POSP,PRIAs,2015,GENUS
Psammocora,PSSP,PRIAs,2015,GENUS
Sandalolitha,SASP,PRIAs,2015,GENUS
Scapophyllia,SCAS,PRIAs,2015,GENUS
Stylocoeniella,STSP,PRIAs,2015,GENUS
Stylophora,STYS,PRIAs,2015,GENUS
Symphyllia,SYSP,PRIAs,2015,GENUS
Turbinaria,TURS,PRIAs,2015,GENUS
Tubastrea,TUSP,PRIAs,2015,GENUS
Acropora abrotanoides,AABR,PRIAs,2015,SPECIES
Acropora aspera,AASP,PRIAs,2015,SPECIES
Acropora cytherea,ACYT,PRIAs,2015,SPECIES
Acanthastrea hemprichii,AHEM,PRIAs,2015,SPECIES
Acropora humilis,AHUM,PRIAs,2015,SPECIES
Acropora hyacinthus,AHYA,PRIAs,2015,SPECIES
Acanthastrea ishigakiensis,AISH,PRIAs,2015,SPECIES
Alveopora verrilliana,ALVE,PRIAs,2015,SPECIES
Astreopora myriophthalma,AMYR,PRIAs,2015,SPECIES
Acropora nobilis,ANOB,PRIAs,2015,SPECIES
Acropora paniculata,APAN,PRIAs,2015,SPECIES
Acropora speciosa,ASPE,PRIAs,2015,SPECIES
Acropora verweyi,AVER,PRIAs,2015,SPECIES
Coscinaraea columna,CCOL,PRIAs,2015,SPECIES
Coscinarea exesa,CEXE,PRIAs,2015,SPECIES
Coeloseris mayeri,CMAY,PRIAs,2015,SPECIES
Diploastrea heliopora,DHEL,PRIAs,2015,SPECIES
Echinopora gemmacea,EGEM,PRIAs,2015,SPECIES
Echinopora lamellosa,ELAM,PRIAs,2015,SPECIES
Favia matthaii,FMAT,PRIAs,2015,SPECIES
Favia stelligera,FSTE,PRIAs,2015,SPECIES
Galaxea astreata,GAAS,PRIAs,2015,SPECIES
Goniastrea edwardsi,GEDW,PRIAs,2015,SPECIES
Galaxea fascicularis,GFAS,PRIAs,2015,SPECIES
Goniastrea pectinata,GPEC,PRIAs,2015,SPECIES
Gardinoseris planulata,GPLA,PRIAs,2015,SPECIES
Goniastrea retiformis,GRET,PRIAs,2015,SPECIES
Heliopora coerula,HCOE,PRIAs,2015,SPECIES
Hydnophora exesa,HEXE,PRIAs,2015,SPECIES
Hydnophora microconnos,HMIC,PRIAs,2015,SPECIES
Hydnophora rigida,HRIG,PRIAs,2015,SPECIES
Leptastrea bewickensis,LBEW,PRIAs,2015,SPECIES
Leptoseris incrustans,LINC,PRIAs,2015,SPECIES
Leptoseris myceteroides,LMYC,PRIAs,2015,SPECIES
Leptoria phyrgia,LPHY,PRIAs,2015,SPECIES
Leptastrea pruinosa,LPRU,PRIAs,2015,SPECIES
Leptastrea purpurea,LPUR,PRIAs,2015,SPECIES
Leptastrea transversa,LTRA,PRIAs,2015,SPECIES
Merulina ampliata,MAMP,PRIAs,2015,SPECIES
Montipora caliculata,MCAL,PRIAs,2015,SPECIES
Montastraea curta,MCUR,PRIAs,2015,SPECIES
Montipora incrassata,MINC,PRIAs,2015,SPECIES
Merulina scabricula,MSCA,PRIAs,2015,SPECIES
Montastraea valenciennesi,MVAL,PRIAs,2015,SPECIES
Pavona cf chiriquiensis,PCHI,PRIAs,2015,SPECIES
Porites cylindrica,PCYL,PRIAs,2015,SPECIES
Pocillopora damicornis,PDAM,PRIAs,2015,SPECIES
Pocillopora danae,PDAN,PRIAs,2015,SPECIES
Pavona diffluens,PDIF,PRIAs,2015,SPECIES
Pavona duerdeni,PDUE,PRIAs,2015,SPECIES
Pocillopora eydouxi,PEYD,PRIAs,2015,SPECIES
Psammocora haimeana,PHAI,PRIAs,2015,SPECIES
Porites horizontalata,PHOR,PRIAs,2015,SPECIES
Platygyra daedalea,PLDA,PRIAs,2015,SPECIES
Porites lichen,PLIC,PRIAs,2015,SPECIES
Porites lobata,PLOB,PRIAs,2015,SPECIES
Porites lutea,PLUT,PRIAs,2015,SPECIES
Plesiastrea versipora,PLVE,PRIAs,2015,SPECIES
Pavona maldivensis,PMAL,PRIAs,2015,SPECIES
Pocillopora meandrina,PMEA,PRIAs,2015,SPECIES
Porites monticulosa,PMON,PRIAs,2015,SPECIES
Psammocora nierstraszi,PNIE,PRIAs,2015,SPECIES
Platygyra pini,PPIN,PRIAs,2015,SPECIES
Pachyseris rugosa,PRUG,PRIAs,2015,SPECIES
Porites rus,PRUS,PRIAs,2015,SPECIES
Porites solida,PSOL,PRIAs,2015,SPECIES
Psammocora stellata,PSTE,PRIAs,2015,SPECIES
Pavona varians,PVAR,PRIAs,2015,SPECIES
Pavona venosa,PVEN,PRIAs,2015,SPECIES
Pocillopora woodjonesi,PWOO,PRIAs,2015,SPECIES
Scapophyllia cylindrica,SCYL,PRIAs,2015,SPECIES
Stylophora pistillata,SPIS,PRIAs,2015,SPECIES
Turbinaria mesenterina,TMES,PRIAs,2015,SPECIES
Turbinaria peltata,TPEL,PRIAs,2015,SPECIES
Turbinaria reniformis,TREN,PRIAs,2015,SPECIES
Turbinaria stellulata,TSTE,PRIAs,2015,SPECIES
Unknown Scleractinian,UNKN,PRIAs,2015,SPECIES
Acanthastrea spp.,ACAS,PRIAs,2016,GENUS
Acropora sp.,ACSP,PRIAs,2016,GENUS
Astreopora spp.,ASSP,PRIAs,2016,GENUS
Astrea sp.,ASTS,PRIAs,2016,GENUS
Cyphastrea spp.,CYPS,PRIAs,2016,GENUS
Cycloseris spp.,CYSP,PRIAs,2016,GENUS
Echinophyllia spp.,ECHL,PRIAs,2016,GENUS
Echinopora spp.,ECHP,PRIAs,2016,GENUS
Favia spp.,FASP,PRIAs,2016,GENUS
Favites spp.,FAVS,PRIAs,2016,GENUS
Fungia spp.,FUSP,PRIAs,2016,GENUS
Goniastrea spp.,GONS,PRIAs,2016,GENUS
Hydnophora spp.,HYSP,PRIAs,2016,GENUS
Isopora spp.,ISSP,PRIAs,2016,GENUS
Leptastrea spp.,LEPT,PRIAs,2016,GENUS
Leptoseris spp.,LESP,PRIAs,2016,GENUS
Millepora sp,MISP,PRIAs,2016,GENUS
Montipora sp.,MOSP,PRIAs,2016,GENUS
Oulophyllia spp.,OUSP,PRIAs,2016,GENUS
Parascolymia,PARA,PRIAs,2016,GENUS
Pavona sp.,PAVS,PRIAs,2016,GENUS
Phymastrea sp.,PHSP,PRIAs,2016,GENUS
Platygyra spp.,PLSP,PRIAs,2016,GENUS
Pocillopora spp.,POCS,PRIAs,2016,GENUS
Porites spp.,POSP,PRIAs,2016,GENUS
Psammorcora spp.,PSSP,PRIAs,2016,GENUS
Sandalolitha spp.,SASP,PRIAs,2016,GENUS
Scapophyllia sp,SCAS,PRIAs,2016,GENUS
Stylocoeniellla spp.,STSP,PRIAs,2016,GENUS
Stylophora spp.,STYS,PRIAs,2016,GENUS
Symphyllia spp.,SYSP,PRIAs,2016,GENUS
Turbinaria spp.,TURS,PRIAs,2016,GENUS
Tubastrea spp.,TUSP,PRIAs,2016,GENUS
Acanthastrea brevis,ABRE,PRIAs,2016,SPECIES
Astrea curta,ACUR,PRIAs,2016,SPECIES
Acanthastrea echinata,AECH,PRIAs,2016,SPECIES
Astreopora listeri,ALIS,PRIAs,2016,SPECIES
Astreopora myriophthalma,AMYR,PRIAs,2016,SPECIES
Echinopora lamellosa,ELAM,PRIAs,2016,SPECIES
Favites abdita,FABD,PRIAs,2016,SPECIES
Favia matthaii,FMAT,PRIAs,2016,SPECIES
Fungia scutaria,FSCU,PRIAs,2016,SPECIES
Favia stelligera,FSTE,PRIAs,2016,SPECIES
Goniastrea edwardsi,GEDW,PRIAs,2016,SPECIES
Goniastrea pectinata,GPEC,PRIAs,2016,SPECIES
Goniastrea retiformis,GRET,PRIAs,2016,SPECIES
Hydnophora exesa,HEXE,PRIAs,2016,SPECIES
Hydnophora microconos,HMIC,PRIAs,2016,SPECIES
Leptoseris incrustans,LINC,PRIAs,2016,SPECIES
Leptoseris mycetoseroides,LMYC,PRIAs,2016,SPECIES
Leptastrea pruinosa,LPRU,PRIAs,2016,SPECIES
Leptastrea purpurea,LPUR,PRIAs,2016,SPECIES
Leptastrea transversa,LTRA,PRIAs,2016,SPECIES
Montipora caliculata,MCAL,PRIAs,2016,SPECIES
Montipora incrassata,MINC,PRIAs,2016,SPECIES
Pavona chiriquiensis,PCHI,PRIAs,2016,SPECIES
Pocillopora damicornis,PDAM,PRIAs,2016,SPECIES
Pavona duerdeni,PDUE,PRIAs,2016,SPECIES
Pocillopora grandis,PGRA,PRIAs,2016,SPECIES
Platygyra daedalea,PLDA,PRIAs,2016,SPECIES
Porites lobata,PLOB,PRIAs,2016,SPECIES
Pavona maldivensis,PMAL,PRIAs,2016,SPECIES
Pocillopora meandrina,PMEA,PRIAs,2016,SPECIES
Porites monticulosa,PMON,PRIAs,2016,SPECIES
Psammocora nierstraszi,PNIE,PRIAs,2016,SPECIES
Psammocora profundacella,PPRO,PRIAs,2016,SPECIES
Porites rus,PRUS,PRIAs,2016,SPECIES
Phymastrea valenciennesi,PVAL,PRIAs,2016,SPECIES
Pavona varians,PVAR,PRIAs,2016,SPECIES
Pocillopora verrucosa,PVER,PRIAs,2016,SPECIES
Scapophyllia cylindrica,SCYL,PRIAs,2016,SPECIES
Stylophora pistillata,SPIS,PRIAs,2016,SPECIES
Unknown Scleractinian,UNKN,PRIAs,2016,SPECIES
Acanthastrea spp.,ACAS,PRIAs,2017,GENUS
Acropora sp.,ACSP,PRIAs,2017,GENUS
Astreopora spp.,ASSP,PRIAs,2017,GENUS
Astrea sp.,ASTS,PRIAs,2017,GENUS
Cyphastrea spp.,CYPS,PRIAs,2017,GENUS
Cycloseris spp.,CYSP,PRIAs,2017,GENUS
Echinophyllia spp.,ECHL,PRIAs,2017,GENUS
Echinopora spp.,ECHP,PRIAs,2017,GENUS
Favia spp.,FASP,PRIAs,2017,GENUS
Favites spp.,FAVS,PRIAs,2017,GENUS
Fungia spp.,FUSP,PRIAs,2017,GENUS
Goniastrea spp.,GONS,PRIAs,2017,GENUS
Hydnophora spp.,HYSP,PRIAs,2017,GENUS
Isopora spp.,ISSP,PRIAs,2017,GENUS
Leptastrea spp.,LEPT,PRIAs,2017,GENUS
Leptoseris spp.,LESP,PRIAs,2017,GENUS
Millepora sp,MISP,PRIAs,2017,GENUS
Montipora sp.,MOSP,PRIAs,2017,GENUS
Oulophyllia spp.,OUSP,PRIAs,2017,GENUS
Parascolymia,PARA,PRIAs,2017,GENUS
Pavona sp.,PAVS,PRIAs,2017,GENUS
Phymastrea sp.,PHSP,PRIAs,2017,GENUS
Platygyra spp.,PLSP,PRIAs,2017,GENUS
Pocillopora spp.,POCS,PRIAs,2017,GENUS
Porites spp.,POSP,PRIAs,2017,GENUS
Psammorcora spp.,PSSP,PRIAs,2017,GENUS
Sandalolitha spp.,SASP,PRIAs,2017,GENUS
Scapophyllia sp,SCAS,PRIAs,2017,GENUS
Stylocoeniellla spp.,STSP,PRIAs,2017,GENUS
Stylophora spp.,STYS,PRIAs,2017,GENUS
Symphyllia spp.,SYSP,PRIAs,2017,GENUS
Turbinaria spp.,TURS,PRIAs,2017,GENUS
Tubastrea spp.,TUSP,PRIAs,2017,GENUS
Acanthastrea brevis,ABRE,PRIAs,2017,SPECIES
Astrea curta,ACUR,PRIAs,2017,SPECIES
Acanthastrea echinata,AECH,PRIAs,2017,SPECIES
Astreopora listeri,ALIS,PRIAs,2017,SPECIES
Astreopora myriophthalma,AMYR,PRIAs,2017,SPECIES
Echinopora lamellosa,ELAM,PRIAs,2017,SPECIES
Favites abdita,FABD,PRIAs,2017,SPECIES
Favia matthaii,FMAT,PRIAs,2017,SPECIES
Fungia scutaria,FSCU,PRIAs,2017,SPECIES
Favia stelligera,FSTE,PRIAs,2017,SPECIES
Goniastrea edwardsi,GEDW,PRIAs,2017,SPECIES
Goniastrea pectinata,GPEC,PRIAs,2017,SPECIES
Goniastrea retiformis,GRET,PRIAs,2017,SPECIES
Hydnophora exesa,HEXE,PRIAs,2017,SPECIES
Hydnophora microconos,HMIC,PRIAs,2017,SPECIES
Leptoseris incrustans,LINC,PRIAs,2017,SPECIES
Leptoseris mycetoseroides,LMYC,PRIAs,2017,SPECIES
Leptastrea pruinosa,LPRU,PRIAs,2017,SPECIES
Leptastrea purpurea,LPUR,PRIAs,2017,SPECIES
Leptastrea transversa,LTRA,PRIAs,2017,SPECIES
Montipora caliculata,MCAL,PRIAs,2017,SPECIES
Montipora incrassata,MINC,PRIAs,2017,SPECIES
Pavona chiriquiensis,PCHI,PRIAs,2017,SPECIES
Pocillopora damicornis,PDAM,PRIAs,2017,SPECIES
Pavona duerdeni,PDUE,PRIAs,2017,SPECIES
Pocillopora grandis,PGRA,PRIAs,2017,SPECIES
Platygyra daedalea,PLDA,PRIAs,2017,SPECIES
Porites lobata,PLOB,PRIAs,2017,SPECIES
Pavona maldivensis,PMAL,PRIAs,2017,SPECIES
Pocillopora meandrina,PMEA,PRIAs,2017,SPECIES
Porites monticulosa,PMON,PRIAs,2017,SPECIES
Psammocora nierstraszi,PNIE,PRIAs,2017,SPECIES
Psammocora profundacella,PPRO,PRIAs,2017,SPECIES
Porites rus,PRUS,PRIAs,2017,SPECIES
Phymastrea valenciennesi,PVAL,PRIAs,2017,SPECIES
Pavona varians,PVAR,PRIAs,2017,SPECIES
Pocillopora verrucosa,PVER,PRIAs,2017,SPECIES
Scapophyllia cylindrica,SCYL,PRIAs,2017,SPECIES
Stylophora pistillata,SPIS,PRIAs,2017,SPECIES
Unknown Scleractinian,UNKN,PRIAs,2017,SPECIES
Acanthastrea,ACAS,PRIAs,2018,GENUS
Acropora,ACSP,PRIAs,2018,GENUS
Alveopora,ALSP,PRIAs,2018,GENUS
Astreopora,ASSP,PRIAs,2018,GENUS
Caulastrea,CASP,PRIAs,2018,GENUS
Coeloseris,COES,PRIAs,2018,GENUS
Coscinaraea,COSP,PRIAs,2018,GENUS
Ctenactis,CTSP,PRIAs,2018,GENUS
Cycloseris,CYPS,PRIAs,2018,GENUS
Cyphastrea,CYSP,PRIAs,2018,GENUS
Diploastrea,DISP,PRIAs,2018,GENUS
Echinophyllia,ECHL,PRIAs,2018,GENUS
Echinopora,ECHP,PRIAs,2018,GENUS
Euphyllia,EUSP,PRIAs,2018,GENUS
Favia,FASP,PRIAs,2018,GENUS
Favites,FAVS,PRIAs,2018,GENUS
Fungia,FUSP,PRIAs,2018,GENUS
Gardineroseris,GARS,PRIAs,2018,GENUS
Galaxea,GASP,PRIAs,2018,GENUS
Goniastrea,GONS,PRIAs,2018,GENUS
Goniopora,GOSP,PRIAs,2018,GENUS
Halomitra,HASP,PRIAs,2018,GENUS
Herpolitha,HERS,PRIAs,2018,GENUS
Heliopora,HESP,PRIAs,2018,GENUS
Hydnophora,HYSP,PRIAs,2018,GENUS
Isopora ,ISSP,PRIAs,2018,GENUS
Leptoria,LEPS,PRIAs,2018,GENUS
Leptastrea,LEPT,PRIAs,2018,GENUS
Leptoseris,LESP,PRIAs,2018,GENUS
Lobophyllia,LOBS,PRIAs,2018,GENUS
Merulina,MESP,PRIAs,2018,GENUS
Millepora,MISP,PRIAs,2018,GENUS
Montastrea,MONS,PRIAs,2018,GENUS
Montipora,MOSP,PRIAs,2018,GENUS
Mycedium,MYSP,PRIAs,2018,GENUS
Oulophyllia,OUSP,PRIAs,2018,GENUS
Oxypora,OXSP,PRIAs,2018,GENUS
Pachyseris,PACS,PRIAs,2018,GENUS
Pavona,PAVS,PRIAs,2018,GENUS
Plesiastrea,PLES,PRIAs,2018,GENUS
Platygyra,PLSP,PRIAs,2018,GENUS
Pocillopora,POCS,PRIAs,2018,GENUS
Porites,POSP,PRIAs,2018,GENUS
Psammocora,PSSP,PRIAs,2018,GENUS
Sandalolitha sp.,SASP,PRIAs,2018,GENUS
Scapophyllia,SCAS,PRIAs,2018,GENUS
Stylocoeniella,STSP,PRIAs,2018,GENUS
Stylophora,STYS,PRIAs,2018,GENUS
Symphyllia,SYSP,PRIAs,2018,GENUS
Turbinaria,TURS,PRIAs,2018,GENUS
Tubastrea,TUSP,PRIAs,2018,GENUS
Acropora abrotanoides,AABR,PRIAs,2018,SPECIES
Astrea curta,ACUR,PRIAs,2018,SPECIES
Acropora intermedia,AINT,PRIAs,2018,SPECIES
Astreopora listeri,ALIS,PRIAs,2018,SPECIES
Astreopora myriophthalma,AMYR,PRIAs,2018,SPECIES
Coscinaraea columna,CCOL,PRIAs,2018,SPECIES
Coscinaraea exesa,CEXE,PRIAs,2018,SPECIES
Coeloseris mayeri,CMAY,PRIAs,2018,SPECIES
Diploastrea heliopora,DHEL,PRIAs,2018,SPECIES
Goniastrea edwardsi,GEDW,PRIAs,2018,SPECIES
Galaxea fascicularis,GFAS,PRIAs,2018,SPECIES
Goniastrea pectinata,GPEC,PRIAs,2018,SPECIES
Gardineroseris planulata,GPLA,PRIAs,2018,SPECIES
Hydnophora exesa,HEXE,PRIAs,2018,SPECIES
Hydnophora microconos,HMIC,PRIAs,2018,SPECIES
Hydnophora rigida,HRIG,PRIAs,2018,SPECIES
Isopora crateriformis,ICRA,PRIAs,2018,SPECIES
Isopora palifera,IPAL,PRIAs,2018,SPECIES
Leptoseris incrustans,LINC,PRIAs,2018,SPECIES
Leptoseris mycetoseroides,LMYC,PRIAs,2018,SPECIES
Leptoria phrygia,LPHY,PRIAs,2018,SPECIES
Merulina ampliata,MAMP,PRIAs,2018,SPECIES
Mycedium elephantotus,MELE,PRIAs,2018,SPECIES
Merulina scabricula,MSCA,PRIAs,2018,SPECIES
Psammocora cactus,PCAC,PRIAs,2018,SPECIES
Pavona chiriquiensis,PCHI,PRIAs,2018,SPECIES
Podabacia crustacea,PCRU,PRIAs,2018,SPECIES
Porites cylindrica,PCYL,PRIAs,2018,SPECIES
Pocillopora damicornis,PDAM,PRIAs,2018,SPECIES
Pavona duerdeni,PDUE,PRIAs,2018,SPECIES
Pocillopora grandis,PGRA,PRIAs,2018,SPECIES
Platygyra daedalea,PLDA,PRIAs,2018,SPECIES
Porites lichen,PLIC,PRIAs,2018,SPECIES
Pavona maldivensis,PMAL,PRIAs,2018,SPECIES
Pocillopora meandrina,PMEA,PRIAs,2018,SPECIES
Psammocora nierstraszi,PNIE,PRIAs,2018,SPECIES
Platygyra pini,PPIN,PRIAs,2018,SPECIES
Psammocora profundacella,PPRO,PRIAs,2018,SPECIES
Porites rus,PRUS,PRIAs,2018,SPECIES
Plerogyra sinuosa,PSIN,PRIAs,2018,SPECIES
Psammocora stellata,PSTE,PRIAs,2018,SPECIES
Pavona varians,PVAR,PRIAs,2018,SPECIES
Porites vaughani,PVAU,PRIAs,2018,SPECIES
Pocillopora verrucosa,PVER,PRIAs,2018,SPECIES
Scapophyllia cylindrica,SCYL,PRIAs,2018,SPECIES
Stylophora pistillata,SPIS,PRIAs,2018,SPECIES
Turbinaria reniformis,TREN,PRIAs,2018,SPECIES
Unknown Scleractinian,UNKN,PRIAs,2018,SPECIES
Acanthastrea,ACAS,SAMOA,2015,GENUS
Acropora,ACSP,SAMOA,2015,GENUS
Alveopora,ALSP,SAMOA,2015,GENUS
Astreopora,ASSP,SAMOA,2015,GENUS
Caulastrea,CASP,SAMOA,2015,GENUS
Coeloseris,COES,SAMOA,2015,GENUS
Coscinaraea,COSP,SAMOA,2015,GENUS
Ctenactis,CTSP,SAMOA,2015,GENUS
Cycloseris,CYPS,SAMOA,2015,GENUS
Cyphastrea,CYSP,SAMOA,2015,GENUS
Diploastrea,DISP,SAMOA,2015,GENUS
Echinophyllia,ECHL,SAMOA,2015,GENUS
Echinopora,ECHP,SAMOA,2015,GENUS
Euphyllia,EUSP,SAMOA,2015,GENUS
Favia,FASP,SAMOA,2015,GENUS
Favites,FAVS,SAMOA,2015,GENUS
Fungia,FUSP,SAMOA,2015,GENUS
Gardineroseris,GARS,SAMOA,2015,GENUS
Galaxea,GASP,SAMOA,2015,GENUS
Goniastrea,GONS,SAMOA,2015,GENUS
Goniopora,GOSP,SAMOA,2015,GENUS
Halomitra,HASP,SAMOA,2015,GENUS
Herpolitha,HERS,SAMOA,2015,GENUS
Heliopora,HESP,SAMOA,2015,GENUS
Hydnophora,HYSP,SAMOA,2015,GENUS
Isopora ,ISSP,SAMOA,2015,GENUS
Leptoria,LEPS,SAMOA,2015,GENUS
Leptastrea,LEPT,SAMOA,2015,GENUS
Leptoseris,LESP,SAMOA,2015,GENUS
Lobophyllia,LOBS,SAMOA,2015,GENUS
Merulina,MESP,SAMOA,2015,GENUS
Millepora,MISP,SAMOA,2015,GENUS
Montastrea,MONS,SAMOA,2015,GENUS
Montipora,MOSP,SAMOA,2015,GENUS
Mycedium,MYSP,SAMOA,2015,GENUS
Oulophyllia,OUSP,SAMOA,2015,GENUS
Oxypora,OXSP,SAMOA,2015,GENUS
Pachyseris,PACS,SAMOA,2015,GENUS
Pavona,PAVS,SAMOA,2015,GENUS
Plesiastrea,PLES,SAMOA,2015,GENUS
Platygyra,PLSP,SAMOA,2015,GENUS
Pocillopora,POCS,SAMOA,2015,GENUS
Porites,POSP,SAMOA,2015,GENUS
Psammocora,PSSP,SAMOA,2015,GENUS
Sandalolitha sp.,SASP,SAMOA,2015,GENUS
Scapophyllia,SCAS,SAMOA,2015,GENUS
Stylocoeniella,STSP,SAMOA,2015,GENUS
Stylophora,STYS,SAMOA,2015,GENUS
Symphyllia,SYSP,SAMOA,2015,GENUS
Turbinaria,TURS,SAMOA,2015,GENUS
Tubastrea,TUSP,SAMOA,2015,GENUS
Acropora abrotanoides,AABR,SAMOA,2015,SPECIES
Acropora aspera,AASP,SAMOA,2015,SPECIES
Acropora cytherea,ACYT,SAMOA,2015,SPECIES
Acanthastrea hemprichii,AHEM,SAMOA,2015,SPECIES
Acropora humilis,AHUM,SAMOA,2015,SPECIES
Acropora hyacinthus,AHYA,SAMOA,2015,SPECIES
Acanthastrea ishigakiensis,AISH,SAMOA,2015,SPECIES
Alveopora verrilliana,ALVE,SAMOA,2015,SPECIES
Astreopora myriophthalma,AMYR,SAMOA,2015,SPECIES
Acropora nobilis,ANOB,SAMOA,2015,SPECIES
Acropora paniculata,APAN,SAMOA,2015,SPECIES
Acropora speciosa,ASPE,SAMOA,2015,SPECIES
Acropora verweyi,AVER,SAMOA,2015,SPECIES
Coscinaraea columna,CCOL,SAMOA,2015,SPECIES
Coscinarea exesa,CEXE,SAMOA,2015,SPECIES
Coeloseris mayeri,CMAY,SAMOA,2015,SPECIES
Diploastrea heliopora,DHEL,SAMOA,2015,SPECIES
Echinopora gemmacea,EGEM,SAMOA,2015,SPECIES
Echinopora lamellosa,ELAM,SAMOA,2015,SPECIES
Favia matthaii,FMAT,SAMOA,2015,SPECIES
Favia stelligera,FSTE,SAMOA,2015,SPECIES
Galaxea astreata,GAAS,SAMOA,2015,SPECIES
Goniastrea edwardsi,GEDW,SAMOA,2015,SPECIES
Galaxea fascicularis,GFAS,SAMOA,2015,SPECIES
Goniastrea pectinata,GPEC,SAMOA,2015,SPECIES
Gardinoseris planulata,GPLA,SAMOA,2015,SPECIES
Goniastrea retiformis,GRET,SAMOA,2015,SPECIES
Heliopora coerula,HCOE,SAMOA,2015,SPECIES
Hydnophora exesa,HEXE,SAMOA,2015,SPECIES
Hydnophora microconnos,HMIC,SAMOA,2015,SPECIES
Hydnophora rigida,HRIG,SAMOA,2015,SPECIES
Leptastrea bewickensis,LBEW,SAMOA,2015,SPECIES
Leptoseris incrustans,LINC,SAMOA,2015,SPECIES
Leptoseris myceteroides,LMYC,SAMOA,2015,SPECIES
Leptoria phyrgia,LPHY,SAMOA,2015,SPECIES
Leptastrea pruinosa,LPRU,SAMOA,2015,SPECIES
Leptastrea purpurea,LPUR,SAMOA,2015,SPECIES
Leptastrea transversa,LTRA,SAMOA,2015,SPECIES
Merulina ampliata,MAMP,SAMOA,2015,SPECIES
Montipora caliculata,MCAL,SAMOA,2015,SPECIES
Montastraea curta,MCUR,SAMOA,2015,SPECIES
Montipora incrassata,MINC,SAMOA,2015,SPECIES
Merulina scabricula,MSCA,SAMOA,2015,SPECIES
Montastraea valenciennesi,MVAL,SAMOA,2015,SPECIES
Pavona cf chiriquiensis,PCHI,SAMOA,2015,SPECIES
Porites cylindrica,PCYL,SAMOA,2015,SPECIES
Pocillopora damicornis,PDAM,SAMOA,2015,SPECIES
Pocillopora danae,PDAN,SAMOA,2015,SPECIES
Pavona diffluens,PDIF,SAMOA,2015,SPECIES
Pavona duerdeni,PDUE,SAMOA,2015,SPECIES
Pocillopora eydouxi,PEYD,SAMOA,2015,SPECIES
Psammocora haimeana,PHAI,SAMOA,2015,SPECIES
Porites horizontalata,PHOR,SAMOA,2015,SPECIES
Platygyra daedalea,PLDA,SAMOA,2015,SPECIES
Porites lichen,PLIC,SAMOA,2015,SPECIES
Porites lobata,PLOB,SAMOA,2015,SPECIES
Porites lutea,PLUT,SAMOA,2015,SPECIES
Plesiastrea versipora,PLVE,SAMOA,2015,SPECIES
Pavona maldivensis,PMAL,SAMOA,2015,SPECIES
Pocillopora meandrina,PMEA,SAMOA,2015,SPECIES
Porites monticulosa,PMON,SAMOA,2015,SPECIES
Psammocora nierstraszi,PNIE,SAMOA,2015,SPECIES
Platygyra pini,PPIN,SAMOA,2015,SPECIES
Pachyseris rugosa,PRUG,SAMOA,2015,SPECIES
Porites rus,PRUS,SAMOA,2015,SPECIES
Porites solida,PSOL,SAMOA,2015,SPECIES
Psammocora stellata,PSTE,SAMOA,2015,SPECIES
Pavona varians,PVAR,SAMOA,2015,SPECIES
Pavona venosa,PVEN,SAMOA,2015,SPECIES
Pocillopora woodjonesi,PWOO,SAMOA,2015,SPECIES
Scapophyllia cylindrica,SCYL,SAMOA,2015,SPECIES
Stylophora pistillata,SPIS,SAMOA,2015,SPECIES
Turbinaria mesenterina,TMES,SAMOA,2015,SPECIES
Turbinaria peltata,TPEL,SAMOA,2015,SPECIES
Turbinaria reniformis,TREN,SAMOA,2015,SPECIES
Turbinaria stellulata,TSTE,SAMOA,2015,SPECIES
Unknown Scleractinian,UNKN,SAMOA,2015,SPECIES
Acanthastrea,ACAS,SAMOA,2018,GENUS
Acropora,ACSP,SAMOA,2018,GENUS
Alveopora,ALSP,SAMOA,2018,GENUS
Astreopora,ASSP,SAMOA,2018,GENUS
Caulastrea,CASP,SAMOA,2018,GENUS
Coeloseris,COES,SAMOA,2018,GENUS
Coscinaraea,COSP,SAMOA,2018,GENUS
Ctenactis,CTSP,SAMOA,2018,GENUS
Cycloseris,CYPS,SAMOA,2018,GENUS
Cyphastrea,CYSP,SAMOA,2018,GENUS
Diploastrea,DISP,SAMOA,2018,GENUS
Echinophyllia,ECHL,SAMOA,2018,GENUS
Echinopora,ECHP,SAMOA,2018,GENUS
Euphyllia,EUSP,SAMOA,2018,GENUS
Favia,FASP,SAMOA,2018,GENUS
Favites,FAVS,SAMOA,2018,GENUS
Fungia,FUSP,SAMOA,2018,GENUS
Gardineroseris,GARS,SAMOA,2018,GENUS
Galaxea,GASP,SAMOA,2018,GENUS
Goniastrea,GONS,SAMOA,2018,GENUS
Goniopora,GOSP,SAMOA,2018,GENUS
Halomitra,HASP,SAMOA,2018,GENUS
Herpolitha,HERS,SAMOA,2018,GENUS
Heliopora,HESP,SAMOA,2018,GENUS
Hydnophora,HYSP,SAMOA,2018,GENUS
Isopora ,ISSP,SAMOA,2018,GENUS
Leptoria,LEPS,SAMOA,2018,GENUS
Leptastrea,LEPT,SAMOA,2018,GENUS
Leptoseris,LESP,SAMOA,2018,GENUS
Lobophyllia,LOBS,SAMOA,2018,GENUS
Merulina,MESP,SAMOA,2018,GENUS
Millepora,MISP,SAMOA,2018,GENUS
Montastrea,MONS,SAMOA,2018,GENUS
Montipora,MOSP,SAMOA,2018,GENUS
Mycedium,MYSP,SAMOA,2018,GENUS
Oulophyllia,OUSP,SAMOA,2018,GENUS
Oxypora,OXSP,SAMOA,2018,GENUS
Pachyseris,PACS,SAMOA,2018,GENUS
Pavona,PAVS,SAMOA,2018,GENUS
Plesiastrea,PLES,SAMOA,2018,GENUS
Platygyra,PLSP,SAMOA,2018,GENUS
Pocillopora,POCS,SAMOA,2018,GENUS
Porites,POSP,SAMOA,2018,GENUS
Psammocora,PSSP,SAMOA,2018,GENUS
Sandalolitha sp.,SASP,SAMOA,2018,GENUS
Scapophyllia,SCAS,SAMOA,2018,GENUS
Stylocoeniella,STSP,SAMOA,2018,GENUS
Stylophora,STYS,SAMOA,2018,GENUS
Symphyllia,SYSP,SAMOA,2018,GENUS
Turbinaria,TURS,SAMOA,2018,GENUS
Tubastrea,TUSP,SAMOA,2018,GENUS
Acropora abrotanoides,AABR,SAMOA,2018,SPECIES
Astrea curta,ACUR,SAMOA,2018,SPECIES
Acropora intermedia,AINT,SAMOA,2018,SPECIES
Astreopora listeri,ALIS,SAMOA,2018,SPECIES
Astreopora myriophthalma,AMYR,SAMOA,2018,SPECIES
Coscinaraea columna,CCOL,SAMOA,2018,SPECIES
Coscinaraea exesa,CEXE,SAMOA,2018,SPECIES
Coeloseris mayeri,CMAY,SAMOA,2018,SPECIES
Diploastrea heliopora,DHEL,SAMOA,2018,SPECIES
Goniastrea edwardsi,GEDW,SAMOA,2018,SPECIES
Galaxea fascicularis,GFAS,SAMOA,2018,SPECIES
Goniastrea pectinata,GPEC,SAMOA,2018,SPECIES
Gardineroseris planulata,GPLA,SAMOA,2018,SPECIES
Hydnophora exesa,HEXE,SAMOA,2018,SPECIES
Hydnophora microconos,HMIC,SAMOA,2018,SPECIES
Hydnophora rigida,HRIG,SAMOA,2018,SPECIES
Isopora crateriformis,ICRA,SAMOA,2018,SPECIES
Isopora palifera,IPAL,SAMOA,2018,SPECIES
Leptoseris incrustans,LINC,SAMOA,2018,SPECIES
Leptoseris mycetoseroides,LMYC,SAMOA,2018,SPECIES
Leptoria phrygia,LPHY,SAMOA,2018,SPECIES
Merulina ampliata,MAMP,SAMOA,2018,SPECIES
Mycedium elephantotus,MELE,SAMOA,2018,SPECIES
Merulina scabricula,MSCA,SAMOA,2018,SPECIES
Psammocora cactus,PCAC,SAMOA,2018,SPECIES
Pavona chiriquiensis,PCHI,SAMOA,2018,SPECIES
Podabacia crustacea,PCRU,SAMOA,2018,SPECIES
Porites cylindrica,PCYL,SAMOA,2018,SPECIES
Pocillopora damicornis,PDAM,SAMOA,2018,SPECIES
Pavona duerdeni,PDUE,SAMOA,2018,SPECIES
Pocillopora grandis,PGRA,SAMOA,2018,SPECIES
Platygyra daedalea,PLDA,SAMOA,2018,SPECIES
Porites lichen,PLIC,SAMOA,2018,SPECIES
Pavona maldivensis,PMAL,SAMOA,2018,SPECIES
Pocillopora meandrina,PMEA,SAMOA,2018,SPECIES
Psammocora nierstraszi,PNIE,SAMOA,2018,SPECIES
Platygyra pini,PPIN,SAMOA,2018,SPECIES
Psammocora profundacella,PPRO,SAMOA,2018,SPECIES
Porites rus,PRUS,SAMOA,2018,SPECIES
Plerogyra sinuosa,PSIN,SAMOA,2018,SPECIES
Psammocora stellata,PSTE,SAMOA,2018,SPECIES
Pavona varians,PVAR,SAMOA,2018,SPECIES
Porites vaughani,PVAU,SAMOA,2018,SPECIES
Pocillopora verrucosa,PVER,SAMOA,2018,SPECIES
Scapophyllia cylindrica,SCYL,SAMOA,2018,SPECIES
Stylophora pistillata,SPIS,SAMOA,2018,SPECIES
Turbinaria reniformis,TREN,SAMOA,2018,SPECIES
Unknown Scleractinian,UNKN,SAMOA,2018,SPECIES
Acanthastrea,ACAS,SAMOA,2016,GENUS
Acropora,ACSP,SAMOA,2016,GENUS
Alveopora,ALSP,SAMOA,2016,GENUS
Astreopora,ASSP,SAMOA,2016,GENUS
Caulastrea,CASP,SAMOA,2016,GENUS
Coeloseris,COES,SAMOA,2016,GENUS
Coscinaraea,COSP,SAMOA,2016,GENUS
Ctenactis,CTSP,SAMOA,2016,GENUS
Cycloseris,CYPS,SAMOA,2016,GENUS
Cyphastrea,CYSP,SAMOA,2016,GENUS
Diploastrea,DISP,SAMOA,2016,GENUS
Echinophyllia,ECHL,SAMOA,2016,GENUS
Echinopora,ECHP,SAMOA,2016,GENUS
Euphyllia,EUSP,SAMOA,2016,GENUS
Favia,FASP,SAMOA,2016,GENUS
Favites,FAVS,SAMOA,2016,GENUS
Fungia,FUSP,SAMOA,2016,GENUS
Gardineroseris,GARS,SAMOA,2016,GENUS
Galaxea,GASP,SAMOA,2016,GENUS
Goniastrea,GONS,SAMOA,2016,GENUS
Goniopora,GOSP,SAMOA,2016,GENUS
Halomitra,HASP,SAMOA,2016,GENUS
Herpolitha,HERS,SAMOA,2016,GENUS
Heliopora,HESP,SAMOA,2016,GENUS
Hydnophora,HYSP,SAMOA,2016,GENUS
Isopora ,ISSP,SAMOA,2016,GENUS
Leptoria,LEPS,SAMOA,2016,GENUS
Leptastrea,LEPT,SAMOA,2016,GENUS
Leptoseris,LESP,SAMOA,2016,GENUS
Lobophyllia,LOBS,SAMOA,2016,GENUS
Merulina,MESP,SAMOA,2016,GENUS
Millepora,MISP,SAMOA,2016,GENUS
Montastrea,MONS,SAMOA,2016,GENUS
Montipora,MOSP,SAMOA,2016,GENUS
Mycedium,MYSP,SAMOA,2016,GENUS
Oulophyllia,OUSP,SAMOA,2016,GENUS
Oxypora,OXSP,SAMOA,2016,GENUS
Pachyseris,PACS,SAMOA,2016,GENUS
Pavona,PAVS,SAMOA,2016,GENUS
Plesiastrea,PLES,SAMOA,2016,GENUS
Platygyra,PLSP,SAMOA,2016,GENUS
Pocillopora,POCS,SAMOA,2016,GENUS
Porites,POSP,SAMOA,2016,GENUS
Psammocora,PSSP,SAMOA,2016,GENUS
Sandalolitha sp.,SASP,SAMOA,2016,GENUS
Scapophyllia,SCAS,SAMOA,2016,GENUS
Stylocoeniella,STSP,SAMOA,2016,GENUS
Stylophora,STYS,SAMOA,2016,GENUS
Symphyllia,SYSP,SAMOA,2016,GENUS
Turbinaria,TURS,SAMOA,2016,GENUS
Tubastrea,TUSP,SAMOA,2016,GENUS
Acropora abrotanoides,AABR,SAMOA,2016,SPECIES
Acropora aspera,AASP,SAMOA,2016,SPECIES
Acropora cytherea,ACYT,SAMOA,2016,SPECIES
Acanthastrea hemprichii,AHEM,SAMOA,2016,SPECIES
Acropora humilis,AHUM,SAMOA,2016,SPECIES
Acropora hyacinthus,AHYA,SAMOA,2016,SPECIES
Acanthastrea ishigakiensis,AISH,SAMOA,2016,SPECIES
Alveopora verrilliana,ALVE,SAMOA,2016,SPECIES
Astreopora myriophthalma,AMYR,SAMOA,2016,SPECIES
Acropora nobilis,ANOB,SAMOA,2016,SPECIES
Acropora paniculata,APAN,SAMOA,2016,SPECIES
Acropora speciosa,ASPE,SAMOA,2016,SPECIES
Acropora verweyi,AVER,SAMOA,2016,SPECIES
Coscinaraea columna,CCOL,SAMOA,2016,SPECIES
Coscinarea exesa,CEXE,SAMOA,2016,SPECIES
Coeloseris mayeri,CMAY,SAMOA,2016,SPECIES
Diploastrea heliopora,DHEL,SAMOA,2016,SPECIES
Echinopora gemmacea,EGEM,SAMOA,2016,SPECIES
Echinopora lamellosa,ELAM,SAMOA,2016,SPECIES
Favia matthaii,FMAT,SAMOA,2016,SPECIES
Favia stelligera,FSTE,SAMOA,2016,SPECIES
Galaxea astreata,GAAS,SAMOA,2016,SPECIES
Goniastrea edwardsi,GEDW,SAMOA,2016,SPECIES
Galaxea fascicularis,GFAS,SAMOA,2016,SPECIES
Goniastrea pectinata,GPEC,SAMOA,2016,SPECIES
Gardinoseris planulata,GPLA,SAMOA,2016,SPECIES
Goniastrea retiformis,GRET,SAMOA,2016,SPECIES
Heliopora coerula,HCOE,SAMOA,2016,SPECIES
Hydnophora exesa,HEXE,SAMOA,2016,SPECIES
Hydnophora microconnos,HMIC,SAMOA,2016,SPECIES
Hydnophora rigida,HRIG,SAMOA,2016,SPECIES
Leptastrea bewickensis,LBEW,SAMOA,2016,SPECIES
Leptoseris incrustans,LINC,SAMOA,2016,SPECIES
Leptoseris myceteroides,LMYC,SAMOA,2016,SPECIES
Leptoria phyrgia,LPHY,SAMOA,2016,SPECIES
Leptastrea pruinosa,LPRU,SAMOA,2016,SPECIES
Leptastrea purpurea,LPUR,SAMOA,2016,SPECIES
Leptastrea transversa,LTRA,SAMOA,2016,SPECIES
Merulina ampliata,MAMP,SAMOA,2016,SPECIES
Montipora caliculata,MCAL,SAMOA,2016,SPECIES
Montastraea curta,MCUR,SAMOA,2016,SPECIES
Montipora incrassata,MINC,SAMOA,2016,SPECIES
Merulina scabricula,MSCA,SAMOA,2016,SPECIES
Montastraea valenciennesi,MVAL,SAMOA,2016,SPECIES
Pavona cf chiriquiensis,PCHI,SAMOA,2016,SPECIES
Porites cylindrica,PCYL,SAMOA,2016,SPECIES
Pocillopora damicornis,PDAM,SAMOA,2016,SPECIES
Pocillopora danae,PDAN,SAMOA,2016,SPECIES
Pavona diffluens,PDIF,SAMOA,2016,SPECIES
Pavona duerdeni,PDUE,SAMOA,2016,SPECIES
Pocillopora eydouxi,PEYD,SAMOA,2016,SPECIES
Psammocora haimeana,PHAI,SAMOA,2016,SPECIES
Porites horizontalata,PHOR,SAMOA,2016,SPECIES
Platygyra daedalea,PLDA,SAMOA,2016,SPECIES
Porites lichen,PLIC,SAMOA,2016,SPECIES
Porites lobata,PLOB,SAMOA,2016,SPECIES
Porites lutea,PLUT,SAMOA,2016,SPECIES
Plesiastrea versipora,PLVE,SAMOA,2016,SPECIES
Pavona maldivensis,PMAL,SAMOA,2016,SPECIES
Pocillopora meandrina,PMEA,SAMOA,2016,SPECIES
Porites monticulosa,PMON,SAMOA,2016,SPECIES
Psammocora nierstraszi,PNIE,SAMOA,2016,SPECIES
Platygyra pini,PPIN,SAMOA,2016,SPECIES
Pachyseris rugosa,PRUG,SAMOA,2016,SPECIES
Porites rus,PRUS,SAMOA,2016,SPECIES
Porites solida,PSOL,SAMOA,2016,SPECIES
Psammocora stellata,PSTE,SAMOA,2016,SPECIES
Pavona varians,PVAR,SAMOA,2016,SPECIES
Pavona venosa,PVEN,SAMOA,2016,SPECIES
Pocillopora woodjonesi,PWOO,SAMOA,2016,SPECIES
Scapophyllia cylindrica,SCYL,SAMOA,2016,SPECIES
Stylophora pistillata,SPIS,SAMOA,2016,SPECIES
Turbinaria mesenterina,TMES,SAMOA,2016,SPECIES
Turbinaria peltata,TPEL,SAMOA,2016,SPECIES
Turbinaria reniformis,TREN,SAMOA,2016,SPECIES
Turbinaria stellulata,TSTE,SAMOA,2016,SPECIES
Unknown Scleractinian,UNKN,SAMOA,2016,SPECIES
Favia stelligera,FSTE,PRIAs,2018,SPECIES
Favia stelligera,FSTE,SAMOA,2018,SPECIES
